{"Logistic Regression": 0.9991188806259472, "Decision Tree": 0.999048391076023, "Random Forest": 0.9995065731505305, "XGBoost": 0.9995241955380115}