{"Logistic Regression": 0.45955067332825994, "Decision Tree": 0.21271879032524899, "Random Forest": 0.21271879032524899, "XGBoost": 0.9547033716044072}